id,survived,pclass,sex,age,sibsp,parch,fare,embarked,class,who,adult_male,deck,embark_town,alive,alone
0,0,3,male,22.0,1,0,7.25,S,Third,man,True,,Southampton,no,False
4,0,3,male,35.0,0,0,8.05,S,Third,man,True,,Southampton,no,True
5,0,3,male,,0,0,8.4583,Q,Third,man,True,,Queenstown,no,True
6,0,1,male,54.0,0,0,51.8625,S,First,man,True,E,Southampton,no,True
12,0,3,male,20.0,0,0,8.05,S,Third,man,True,,Southampton,no,True
13,0,3,male,39.0,1,5,31.275,S,Third,man,True,,Southampton,no,False
17,1,2,male,,0,0,13.0,S,Second,man,True,,Southampton,yes,True
20,0,2,male,35.0,0,0,26.0,S,Second,man,True,,Southampton,no,True
21,1,2,male,34.0,0,0,13.0,S,Second,man,True,D,Southampton,yes,True
23,1,1,male,28.0,0,0,35.5,S,First,man,True,A,Southampton,yes,True
26,0,3,male,,0,0,7.225,C,Third,man,True,,Cherbourg,no,True
27,0,1,male,19.0,3,2,263.0,S,First,man,True,C,Southampton,no,False
29,0,3,male,,0,0,7.8958,S,Third,man,True,,Southampton,no,True
30,0,1,male,40.0,0,0,27.7208,C,First,man,True,,Cherbourg,no,True
33,0,2,male,66.0,0,0,10.5,S,Second,man,True,,Southampton,no,True
34,0,1,male,28.0,1,0,82.1708,C,First,man,True,,Cherbourg,no,False
35,0,1,male,42.0,1,0,52.0,S,First,man,True,,Southampton,no,False
36,1,3,male,,0,0,7.2292,C,Third,man,True,,Cherbourg,yes,True
37,0,3,male,21.0,0,0,8.05,S,Third,man,True,,Southampton,no,True
42,0,3,male,,0,0,7.8958,C,Third,man,True,,Cherbourg,no,True
45,0,3,male,,0,0,8.05,S,Third,man,True,,Southampton,no,True
46,0,3,male,,1,0,15.5,Q,Third,man,True,,Queenstown,no,False
48,0,3,male,,2,0,21.6792,C,Third,man,True,,Cherbourg,no,False
51,0,3,male,21.0,0,0,7.8,S,Third,man,True,,Southampton,no,True
54,0,1,male,65.0,0,1,61.9792,C,First,man,True,B,Cherbourg,no,False
55,1,1,male,,0,0,35.5,S,First,man,True,C,Southampton,yes,True
57,0,3,male,28.5,0,0,7.2292,C,Third,man,True,,Cherbourg,no,True
60,0,3,male,22.0,0,0,7.2292,C,Third,man,True,,Cherbourg,no,True
62,0,1,male,45.0,1,0,83.475,S,First,man,True,C,Southampton,no,False
64,0,1,male,,0,0,27.7208,C,First,man,True,,Cherbourg,no,True
65,1,3,male,,1,1,15.2458,C,Third,man,True,,Cherbourg,yes,False
67,0,3,male,19.0,0,0,8.1583,S,Third,man,True,,Southampton,no,True
69,0,3,male,26.0,2,0,8.6625,S,Third,man,True,,Southampton,no,False
70,0,2,male,32.0,0,0,10.5,S,Second,man,True,,Southampton,no,True
72,0,2,male,21.0,0,0,73.5,S,Second,man,True,,Southampton,no,True
73,0,3,male,26.0,1,0,14.4542,C,Third,man,True,,Cherbourg,no,False
74,1,3,male,32.0,0,0,56.4958,S,Third,man,True,,Southampton,yes,True
75,0,3,male,25.0,0,0,7.65,S,Third,man,True,F,Southampton,no,True
76,0,3,male,,0,0,7.8958,S,Third,man,True,,Southampton,no,True
77,0,3,male,,0,0,8.05,S,Third,man,True,,Southampton,no,True
80,0,3,male,22.0,0,0,9.0,S,Third,man,True,,Southampton,no,True
81,1,3,male,29.0,0,0,9.5,S,Third,man,True,,Southampton,yes,True
83,0,1,male,28.0,0,0,47.1,S,First,man,True,,Southampton,no,True
86,0,3,male,16.0,1,3,34.375,S,Third,man,True,,Southampton,no,False
87,0,3,male,,0,0,8.05,S,Third,man,True,,Southampton,no,True
89,0,3,male,24.0,0,0,8.05,S,Third,man,True,,Southampton,no,True
90,0,3,male,29.0,0,0,8.05,S,Third,man,True,,Southampton,no,True
91,0,3,male,20.0,0,0,7.8542,S,Third,man,True,,Southampton,no,True
92,0,1,male,46.0,1,0,61.175,S,First,man,True,E,Southampton,no,False
93,0,3,male,26.0,1,2,20.575,S,Third,man,True,,Southampton,no,False
94,0,3,male,59.0,0,0,7.25,S,Third,man,True,,Southampton,no,True
95,0,3,male,,0,0,8.05,S,Third,man,True,,Southampton,no,True
96,0,1,male,71.0,0,0,34.6542,C,First,man,True,A,Cherbourg,no,True
97,1,1,male,23.0,0,1,63.3583,C,First,man,True,D,Cherbourg,yes,False
99,0,2,male,34.0,1,0,26.0,S,Second,man,True,,Southampton,no,False
101,0,3,male,,0,0,7.8958,S,Third,man,True,,Southampton,no,True
102,0,1,male,21.0,0,1,77.2875,S,First,man,True,D,Southampton,no,False
103,0,3,male,33.0,0,0,8.6542,S,Third,man,True,,Southampton,no,True
104,0,3,male,37.0,2,0,7.925,S,Third,man,True,,Southampton,no,False
105,0,3,male,28.0,0,0,7.8958,S,Third,man,True,,Southampton,no,True
107,1,3,male,,0,0,7.775,S,Third,man,True,,Southampton,yes,True
108,0,3,male,38.0,0,0,7.8958,S,Third,man,True,,Southampton,no,True
110,0,1,male,47.0,0,0,52.0,S,First,man,True,C,Southampton,no,True
112,0,3,male,22.0,0,0,8.05,S,Third,man,True,,Southampton,no,True
115,0,3,male,21.0,0,0,7.925,S,Third,man,True,,Southampton,no,True
116,0,3,male,70.5,0,0,7.75,Q,Third,man,True,,Queenstown,no,True
117,0,2,male,29.0,1,0,21.0,S,Second,man,True,,Southampton,no,False
118,0,1,male,24.0,0,1,247.5208,C,First,man,True,B,Cherbourg,no,False
120,0,2,male,21.0,2,0,73.5,S,Second,man,True,,Southampton,no,False
121,0,3,male,,0,0,8.05,S,Third,man,True,,Southampton,no,True
122,0,2,male,32.5,1,0,30.0708,C,Second,man,True,,Cherbourg,no,False
124,0,1,male,54.0,0,1,77.2875,S,First,man,True,D,Southampton,no,False
126,0,3,male,,0,0,7.75,Q,Third,man,True,,Queenstown,no,True
127,1,3,male,24.0,0,0,7.1417,S,Third,man,True,,Southampton,yes,True
129,0,3,male,45.0,0,0,6.975,S,Third,man,True,,Southampton,no,True
130,0,3,male,33.0,0,0,7.8958,C,Third,man,True,,Cherbourg,no,True
131,0,3,male,20.0,0,0,7.05,S,Third,man,True,,Southampton,no,True
134,0,2,male,25.0,0,0,13.0,S,Second,man,True,,Southampton,no,True
135,0,2,male,23.0,0,0,15.0458,C,Second,man,True,,Cherbourg,no,True
137,0,1,male,37.0,1,0,53.1,S,First,man,True,C,Southampton,no,False
138,0,3,male,16.0,0,0,9.2167,S,Third,man,True,,Southampton,no,True
139,0,1,male,24.0,0,0,79.2,C,First,man,True,B,Cherbourg,no,True
143,0,3,male,19.0,0,0,6.75,Q,Third,man,True,,Queenstown,no,True
144,0,2,male,18.0,0,0,11.5,S,Second,man,True,,Southampton,no,True
145,0,2,male,19.0,1,1,36.75,S,Second,man,True,,Southampton,no,False
146,1,3,male,27.0,0,0,7.7958,S,Third,man,True,,Southampton,yes,True
148,0,2,male,36.5,0,2,26.0,S,Second,man,True,F,Southampton,no,False
149,0,2,male,42.0,0,0,13.0,S,Second,man,True,,Southampton,no,True
150,0,2,male,51.0,0,0,12.525,S,Second,man,True,,Southampton,no,True
152,0,3,male,55.5,0,0,8.05,S,Third,man,True,,Southampton,no,True
153,0,3,male,40.5,0,2,14.5,S,Third,man,True,,Southampton,no,False
154,0,3,male,,0,0,7.3125,S,Third,man,True,,Southampton,no,True
155,0,1,male,51.0,0,1,61.3792,C,First,man,True,,Cherbourg,no,False
157,0,3,male,30.0,0,0,8.05,S,Third,man,True,,Southampton,no,True
158,0,3,male,,0,0,8.6625,S,Third,man,True,,Southampton,no,True
159,0,3,male,,8,2,69.55,S,Third,man,True,,Southampton,no,False
160,0,3,male,44.0,0,1,16.1,S,Third,man,True,,Southampton,no,False
162,0,3,male,26.0,0,0,7.775,S,Third,man,True,,Southampton,no,True
163,0,3,male,17.0,0,0,8.6625,S,Third,man,True,,Southampton,no,True
168,0,1,male,,0,0,25.925,S,First,man,True,,Southampton,no,True
169,0,3,male,28.0,0,0,56.4958,S,Third,man,True,,Southampton,no,True
170,0,1,male,61.0,0,0,33.5,S,First,man,True,B,Southampton,no,True
173,0,3,male,21.0,0,0,7.925,S,Third,man,True,,Southampton,no,True
174,0,1,male,56.0,0,0,30.6958,C,First,man,True,A,Cherbourg,no,True
175,0,3,male,18.0,1,1,7.8542,S,Third,man,True,,Southampton,no,False
176,0,3,male,,3,1,25.4667,S,Third,man,True,,Southampton,no,False
178,0,2,male,30.0,0,0,13.0,S,Second,man,True,,Southampton,no,True
179,0,3,male,36.0,0,0,0.0,S,Third,man,True,,Southampton,no,True
181,0,2,male,,0,0,15.05,C,Second,man,True,,Cherbourg,no,True
185,0,1,male,,0,0,50.0,S,First,man,True,A,Southampton,no,True
187,1,1,male,45.0,0,0,26.55,S,First,man,True,,Southampton,yes,True
188,0,3,male,40.0,1,1,15.5,Q,Third,man,True,,Queenstown,no,False
189,0,3,male,36.0,0,0,7.8958,S,Third,man,True,,Southampton,no,True
191,0,2,male,19.0,0,0,13.0,S,Second,man,True,,Southampton,no,True
196,0,3,male,,0,0,7.75,Q,Third,man,True,,Queenstown,no,True
197,0,3,male,42.0,0,1,8.4042,S,Third,man,True,,Southampton,no,False
200,0,3,male,28.0,0,0,9.5,S,Third,man,True,,Southampton,no,True
201,0,3,male,,8,2,69.55,S,Third,man,True,,Southampton,no,False
202,0,3,male,34.0,0,0,6.4958,S,Third,man,True,,Southampton,no,True
203,0,3,male,45.5,0,0,7.225,C,Third,man,True,,Cherbourg,no,True
204,1,3,male,18.0,0,0,8.05,S,Third,man,True,,Southampton,yes,True
206,0,3,male,32.0,1,0,15.85,S,Third,man,True,,Southampton,no,False
207,1,3,male,26.0,0,0,18.7875,C,Third,man,True,,Cherbourg,yes,True
209,1,1,male,40.0,0,0,31.0,C,First,man,True,A,Cherbourg,yes,True
210,0,3,male,24.0,0,0,7.05,S,Third,man,True,,Southampton,no,True
212,0,3,male,22.0,0,0,7.25,S,Third,man,True,,Southampton,no,True
213,0,2,male,30.0,0,0,13.0,S,Second,man,True,,Southampton,no,True
214,0,3,male,,1,0,7.75,Q,Third,man,True,,Queenstown,no,False
217,0,2,male,42.0,1,0,27.0,S,Second,man,True,,Southampton,no,False
219,0,2,male,30.0,0,0,10.5,S,Second,man,True,,Southampton,no,True
220,1,3,male,16.0,0,0,8.05,S,Third,man,True,,Southampton,yes,True
221,0,2,male,27.0,0,0,13.0,S,Second,man,True,,Southampton,no,True
222,0,3,male,51.0,0,0,8.05,S,Third,man,True,,Southampton,no,True
223,0,3,male,,0,0,7.8958,S,Third,man,True,,Southampton,no,True
224,1,1,male,38.0,1,0,90.0,S,First,man,True,C,Southampton,yes,False
225,0,3,male,22.0,0,0,9.35,S,Third,man,True,,Southampton,no,True
226,1,2,male,19.0,0,0,10.5,S,Second,man,True,,Southampton,yes,True
227,0,3,male,20.5,0,0,7.25,S,Third,man,True,,Southampton,no,True
228,0,2,male,18.0,0,0,13.0,S,Second,man,True,,Southampton,no,True
231,0,3,male,29.0,0,0,7.775,S,Third,man,True,,Southampton,no,True
232,0,2,male,59.0,0,0,13.5,S,Second,man,True,,Southampton,no,True
234,0,2,male,24.0,0,0,10.5,S,Second,man,True,,Southampton,no,True
236,0,2,male,44.0,1,0,26.0,S,Second,man,True,,Southampton,no,False
238,0,2,male,19.0,0,0,10.5,S,Second,man,True,,Southampton,no,True
239,0,2,male,33.0,0,0,12.275,S,Second,man,True,,Southampton,no,True
242,0,2,male,29.0,0,0,10.5,S,Second,man,True,,Southampton,no,True
243,0,3,male,22.0,0,0,7.125,S,Third,man,True,,Southampton,no,True
244,0,3,male,30.0,0,0,7.225,C,Third,man,True,,Cherbourg,no,True
245,0,1,male,44.0,2,0,90.0,Q,First,man,True,C,Queenstown,no,False
248,1,1,male,37.0,1,1,52.5542,S,First,man,True,D,Southampton,yes,False
249,0,2,male,54.0,1,0,26.0,S,Second,man,True,,Southampton,no,False
250,0,3,male,,0,0,7.25,S,Third,man,True,,Southampton,no,True
252,0,1,male,62.0,0,0,26.55,S,First,man,True,C,Southampton,no,True
253,0,3,male,30.0,1,0,16.1,S,Third,man,True,,Southampton,no,False
260,0,3,male,,0,0,7.75,Q,Third,man,True,,Queenstown,no,True
262,0,1,male,52.0,1,1,79.65,S,First,man,True,E,Southampton,no,False
263,0,1,male,40.0,0,0,0.0,S,First,man,True,B,Southampton,no,True
265,0,2,male,36.0,0,0,10.5,S,Second,man,True,,Southampton,no,True
266,0,3,male,16.0,4,1,39.6875,S,Third,man,True,,Southampton,no,False
267,1,3,male,25.0,1,0,7.775,S,Third,man,True,,Southampton,yes,False
270,0,1,male,,0,0,31.0,S,First,man,True,,Southampton,no,True
271,1,3,male,25.0,0,0,0.0,S,Third,man,True,,Southampton,yes,True
273,0,1,male,37.0,0,1,29.7,C,First,man,True,C,Cherbourg,no,False
277,0,2,male,,0,0,0.0,S,Second,man,True,,Southampton,no,True
280,0,3,male,65.0,0,0,7.75,Q,Third,man,True,,Queenstown,no,True
281,0,3,male,28.0,0,0,7.8542,S,Third,man,True,,Southampton,no,True
282,0,3,male,16.0,0,0,9.5,S,Third,man,True,,Southampton,no,True
283,1,3,male,19.0,0,0,8.05,S,Third,man,True,,Southampton,yes,True
284,0,1,male,,0,0,26.0,S,First,man,True,A,Southampton,no,True
285,0,3,male,33.0,0,0,8.6625,C,Third,man,True,,Cherbourg,no,True
286,1,3,male,30.0,0,0,9.5,S,Third,man,True,,Southampton,yes,True
287,0,3,male,22.0,0,0,7.8958,S,Third,man,True,,Southampton,no,True
288,1,2,male,42.0,0,0,13.0,S,Second,man,True,,Southampton,yes,True
292,0,2,male,36.0,0,0,12.875,C,Second,man,True,D,Cherbourg,no,True
294,0,3,male,24.0,0,0,7.8958,S,Third,man,True,,Southampton,no,True
295,0,1,male,,0,0,27.7208,C,First,man,True,,Cherbourg,no,True
296,0,3,male,23.5,0,0,7.2292,C,Third,man,True,,Cherbourg,no,True
298,1,1,male,,0,0,30.5,S,First,man,True,C,Southampton,yes,True
301,1,3,male,,2,0,23.25,Q,Third,man,True,,Queenstown,yes,False
302,0,3,male,19.0,0,0,0.0,S,Third,man,True,,Southampton,no,True
304,0,3,male,,0,0,8.05,S,Third,man,True,,Southampton,no,True
308,0,2,male,30.0,1,0,24.0,C,Second,man,True,,Cherbourg,no,False
313,0,3,male,28.0,0,0,7.8958,S,Third,man,True,,Southampton,no,True
314,0,2,male,43.0,1,1,26.25,S,Second,man,True,,Southampton,no,False
317,0,2,male,54.0,0,0,14.0,S,Second,man,True,,Southampton,no,True
320,0,3,male,22.0,0,0,7.25,S,Third,man,True,,Southampton,no,True
321,0,3,male,27.0,0,0,7.8958,S,Third,man,True,,Southampton,no,True
324,0,3,male,,8,2,69.55,S,Third,man,True,,Southampton,no,False
326,0,3,male,61.0,0,0,6.2375,S,Third,man,True,,Southampton,no,True
331,0,1,male,45.5,0,0,28.5,S,First,man,True,C,Southampton,no,True
332,0,1,male,38.0,0,1,153.4625,S,First,man,True,C,Southampton,no,False
333,0,3,male,16.0,2,0,18.0,S,Third,man,True,,Southampton,no,False
335,0,3,male,,0,0,7.8958,S,Third,man,True,,Southampton,no,True
336,0,1,male,29.0,1,0,66.6,S,First,man,True,C,Southampton,no,False
338,1,3,male,45.0,0,0,8.05,S,Third,man,True,,Southampton,yes,True
339,0,1,male,45.0,0,0,35.5,S,First,man,True,,Southampton,no,True
342,0,2,male,28.0,0,0,13.0,S,Second,man,True,,Southampton,no,True
343,0,2,male,25.0,0,0,13.0,S,Second,man,True,,Southampton,no,True
344,0,2,male,36.0,0,0,13.0,S,Second,man,True,,Southampton,no,True
349,0,3,male,42.0,0,0,8.6625,S,Third,man,True,,Southampton,no,True
350,0,3,male,23.0,0,0,9.225,S,Third,man,True,,Southampton,no,True
351,0,1,male,,0,0,35.0,S,First,man,True,C,Southampton,no,True
353,0,3,male,25.0,1,0,17.8,S,Third,man,True,,Southampton,no,False
354,0,3,male,,0,0,7.225,C,Third,man,True,,Cherbourg,no,True
355,0,3,male,28.0,0,0,9.5,S,Third,man,True,,Southampton,no,True
360,0,3,male,40.0,1,4,27.9,S,Third,man,True,,Southampton,no,False
361,0,2,male,29.0,1,0,27.7208,C,Second,man,True,,Cherbourg,no,False
363,0,3,male,35.0,0,0,7.05,S,Third,man,True,,Southampton,no,True
364,0,3,male,,1,0,15.5,Q,Third,man,True,,Queenstown,no,False
365,0,3,male,30.0,0,0,7.25,S,Third,man,True,,Southampton,no,True
370,1,1,male,25.0,1,0,55.4417,C,First,man,True,E,Cherbourg,yes,False
371,0,3,male,18.0,1,0,6.4958,S,Third,man,True,,Southampton,no,False
372,0,3,male,19.0,0,0,8.05,S,Third,man,True,,Southampton,no,True
373,0,1,male,22.0,0,0,135.6333,C,First,man,True,,Cherbourg,no,True
377,0,1,male,27.0,0,2,211.5,C,First,man,True,C,Cherbourg,no,False
378,0,3,male,20.0,0,0,4.0125,C,Third,man,True,,Cherbourg,no,True
379,0,3,male,19.0,0,0,7.775,S,Third,man,True,,Southampton,no,True
382,0,3,male,32.0,0,0,7.925,S,Third,man,True,,Southampton,no,True
384,0,3,male,,0,0,7.8958,S,Third,man,True,,Southampton,no,True
385,0,2,male,18.0,0,0,73.5,S,Second,man,True,,Southampton,no,True
388,0,3,male,,0,0,7.7292,Q,Third,man,True,,Queenstown,no,True
390,1,1,male,36.0,1,2,120.0,S,First,man,True,B,Southampton,yes,False
391,1,3,male,21.0,0,0,7.7958,S,Third,man,True,,Southampton,yes,True
392,0,3,male,28.0,2,0,7.925,S,Third,man,True,,Southampton,no,False
395,0,3,male,22.0,0,0,7.7958,S,Third,man,True,,Southampton,no,True
397,0,2,male,46.0,0,0,26.0,S,Second,man,True,,Southampton,no,True
398,0,2,male,23.0,0,0,10.5,S,Second,man,True,,Southampton,no,True
400,1,3,male,39.0,0,0,7.925,S,Third,man,True,,Southampton,yes,True
401,0,3,male,26.0,0,0,8.05,S,Third,man,True,,Southampton,no,True
403,0,3,male,28.0,1,0,15.85,S,Third,man,True,,Southampton,no,False
405,0,2,male,34.0,1,0,21.0,S,Second,man,True,,Southampton,no,False
406,0,3,male,51.0,0,0,7.75,S,Third,man,True,,Southampton,no,True
408,0,3,male,21.0,0,0,7.775,S,Third,man,True,,Southampton,no,True
410,0,3,male,,0,0,7.8958,S,Third,man,True,,Southampton,no,True
411,0,3,male,,0,0,6.8583,Q,Third,man,True,,Queenstown,no,True
413,0,2,male,,0,0,0.0,S,Second,man,True,,Southampton,no,True
414,1,3,male,44.0,0,0,7.925,S,Third,man,True,,Southampton,yes,True
418,0,2,male,30.0,0,0,13.0,S,Second,man,True,,Southampton,no,True
420,0,3,male,,0,0,7.8958,C,Third,man,True,,Cherbourg,no,True
421,0,3,male,21.0,0,0,7.7333,Q,Third,man,True,,Queenstown,no,True
422,0,3,male,29.0,0,0,7.875,S,Third,man,True,,Southampton,no,True
424,0,3,male,18.0,1,1,20.2125,S,Third,man,True,,Southampton,no,False
425,0,3,male,,0,0,7.25,S,Third,man,True,,Southampton,no,True
428,0,3,male,,0,0,7.75,Q,Third,man,True,,Queenstown,no,True
429,1,3,male,32.0,0,0,8.05,S,Third,man,True,E,Southampton,yes,True
430,1,1,male,28.0,0,0,26.55,S,First,man,True,C,Southampton,yes,True
433,0,3,male,17.0,0,0,7.125,S,Third,man,True,,Southampton,no,True
434,0,1,male,50.0,1,0,55.9,S,First,man,True,E,Southampton,no,False
438,0,1,male,64.0,1,4,263.0,S,First,man,True,C,Southampton,no,False
439,0,2,male,31.0,0,0,10.5,S,Second,man,True,,Southampton,no,True
441,0,3,male,20.0,0,0,9.5,S,Third,man,True,,Southampton,no,True
442,0,3,male,25.0,1,0,7.775,S,Third,man,True,,Southampton,no,False
444,1,3,male,,0,0,8.1125,S,Third,man,True,,Southampton,yes,True
447,1,1,male,34.0,0,0,26.55,S,First,man,True,,Southampton,yes,True
449,1,1,male,52.0,0,0,30.5,S,First,man,True,C,Southampton,yes,True
450,0,2,male,36.0,1,2,27.75,S,Second,man,True,,Southampton,no,False
451,0,3,male,,1,0,19.9667,S,Third,man,True,,Southampton,no,False
452,0,1,male,30.0,0,0,27.75,C,First,man,True,C,Cherbourg,no,True
453,1,1,male,49.0,1,0,89.1042,C,First,man,True,C,Cherbourg,yes,False
454,0,3,male,,0,0,8.05,S,Third,man,True,,Southampton,no,True
455,1,3,male,29.0,0,0,7.8958,C,Third,man,True,,Cherbourg,yes,True
456,0,1,male,65.0,0,0,26.55,S,First,man,True,E,Southampton,no,True
459,0,3,male,,0,0,7.75,Q,Third,man,True,,Queenstown,no,True
460,1,1,male,48.0,0,0,26.55,S,First,man,True,E,Southampton,yes,True
461,0,3,male,34.0,0,0,8.05,S,Third,man,True,,Southampton,no,True
462,0,1,male,47.0,0,0,38.5,S,First,man,True,E,Southampton,no,True
463,0,2,male,48.0,0,0,13.0,S,Second,man,True,,Southampton,no,True
464,0,3,male,,0,0,8.05,S,Third,man,True,,Southampton,no,True
465,0,3,male,38.0,0,0,7.05,S,Third,man,True,,Southampton,no,True
466,0,2,male,,0,0,0.0,S,Second,man,True,,Southampton,no,True
467,0,1,male,56.0,0,0,26.55,S,First,man,True,,Southampton,no,True
468,0,3,male,,0,0,7.725,Q,Third,man,True,,Queenstown,no,True
470,0,3,male,,0,0,7.25,S,Third,man,True,,Southampton,no,True
471,0,3,male,38.0,0,0,8.6625,S,Third,man,True,,Southampton,no,True
475,0,1,male,,0,0,52.0,S,First,man,True,A,Southampton,no,True
476,0,2,male,34.0,1,0,21.0,S,Second,man,True,,Southampton,no,False
477,0,3,male,29.0,1,0,7.0458,S,Third,man,True,,Southampton,no,False
478,0,3,male,22.0,0,0,7.5208,S,Third,man,True,,Southampton,no,True
481,0,2,male,,0,0,0.0,S,Second,man,True,,Southampton,no,True
482,0,3,male,50.0,0,0,8.05,S,Third,man,True,,Southampton,no,True
484,1,1,male,25.0,1,0,91.0792,C,First,man,True,B,Cherbourg,yes,False
487,0,1,male,58.0,0,0,29.7,C,First,man,True,B,Cherbourg,no,True
488,0,3,male,30.0,0,0,8.05,S,Third,man,True,,Southampton,no,True
490,0,3,male,,1,0,19.9667,S,Third,man,True,,Southampton,no,False
491,0,3,male,21.0,0,0,7.25,S,Third,man,True,,Southampton,no,True
492,0,1,male,55.0,0,0,30.5,S,First,man,True,C,Southampton,no,True
493,0,1,male,71.0,0,0,49.5042,C,First,man,True,,Cherbourg,no,True
494,0,3,male,21.0,0,0,8.05,S,Third,man,True,,Southampton,no,True
495,0,3,male,,0,0,14.4583,C,Third,man,True,,Cherbourg,no,True
497,0,3,male,,0,0,15.1,S,Third,man,True,,Southampton,no,True
499,0,3,male,24.0,0,0,7.7958,S,Third,man,True,,Southampton,no,True
500,0,3,male,17.0,0,0,8.6625,S,Third,man,True,,Southampton,no,True
505,0,1,male,18.0,1,0,108.9,C,First,man,True,C,Cherbourg,no,False
507,1,1,male,,0,0,26.55,S,First,man,True,,Southampton,yes,True
508,0,3,male,28.0,0,0,22.525,S,Third,man,True,,Southampton,no,True
509,1,3,male,26.0,0,0,56.4958,S,Third,man,True,,Southampton,yes,True
510,1,3,male,29.0,0,0,7.75,Q,Third,man,True,,Queenstown,yes,True
511,0,3,male,,0,0,8.05,S,Third,man,True,,Southampton,no,True
512,1,1,male,36.0,0,0,26.2875,S,First,man,True,E,Southampton,yes,True
514,0,3,male,24.0,0,0,7.4958,S,Third,man,True,,Southampton,no,True
515,0,1,male,47.0,0,0,34.0208,S,First,man,True,D,Southampton,no,True
517,0,3,male,,0,0,24.15,Q,Third,man,True,,Queenstown,no,True
519,0,3,male,32.0,0,0,7.8958,S,Third,man,True,,Southampton,no,True
521,0,3,male,22.0,0,0,7.8958,S,Third,man,True,,Southampton,no,True
522,0,3,male,,0,0,7.225,C,Third,man,True,,Cherbourg,no,True
524,0,3,male,,0,0,7.2292,C,Third,man,True,,Cherbourg,no,True
525,0,3,male,40.5,0,0,7.75,Q,Third,man,True,,Queenstown,no,True
527,0,1,male,,0,0,221.7792,S,First,man,True,C,Southampton,no,True
528,0,3,male,39.0,0,0,7.925,S,Third,man,True,,Southampton,no,True
529,0,2,male,23.0,2,1,11.5,S,Second,man,True,,Southampton,no,False
531,0,3,male,,0,0,7.2292,C,Third,man,True,,Cherbourg,no,True
532,0,3,male,17.0,1,1,7.2292,C,Third,man,True,,Cherbourg,no,False
536,0,1,male,45.0,0,0,26.55,S,First,man,True,B,Southampton,no,True
538,0,3,male,,0,0,14.5,S,Third,man,True,,Southampton,no,True
543,1,2,male,32.0,1,0,26.0,S,Second,man,True,,Southampton,yes,False
544,0,1,male,50.0,1,0,106.425,C,First,man,True,C,Cherbourg,no,False
545,0,1,male,64.0,0,0,26.0,S,First,man,True,,Southampton,no,True
547,1,2,male,,0,0,13.8625,C,Second,man,True,,Cherbourg,yes,True
548,0,3,male,33.0,1,1,20.525,S,Third,man,True,,Southampton,no,False
550,1,1,male,17.0,0,2,110.8833,C,First,man,True,C,Cherbourg,yes,False
551,0,2,male,27.0,0,0,26.0,S,Second,man,True,,Southampton,no,True
552,0,3,male,,0,0,7.8292,Q,Third,man,True,,Queenstown,no,True
553,1,3,male,22.0,0,0,7.225,C,Third,man,True,,Cherbourg,yes,True
555,0,1,male,62.0,0,0,26.55,S,First,man,True,,Southampton,no,True
557,0,1,male,,0,0,227.525,C,First,man,True,,Cherbourg,no,True
560,0,3,male,,0,0,7.75,Q,Third,man,True,,Queenstown,no,True
561,0,3,male,40.0,0,0,7.8958,S,Third,man,True,,Southampton,no,True
562,0,2,male,28.0,0,0,13.5,S,Second,man,True,,Southampton,no,True
563,0,3,male,,0,0,8.05,S,Third,man,True,,Southampton,no,True
565,0,3,male,24.0,2,0,24.15,S,Third,man,True,,Southampton,no,False
566,0,3,male,19.0,0,0,7.8958,S,Third,man,True,,Southampton,no,True
568,0,3,male,,0,0,7.2292,C,Third,man,True,,Cherbourg,no,True
569,1,3,male,32.0,0,0,7.8542,S,Third,man,True,,Southampton,yes,True
570,1,2,male,62.0,0,0,10.5,S,Second,man,True,,Southampton,yes,True
572,1,1,male,36.0,0,0,26.3875,S,First,man,True,E,Southampton,yes,True
574,0,3,male,16.0,0,0,8.05,S,Third,man,True,,Southampton,no,True
575,0,3,male,19.0,0,0,14.5,S,Third,man,True,,Southampton,no,True
579,1,3,male,32.0,0,0,7.925,S,Third,man,True,,Southampton,yes,True
582,0,2,male,54.0,0,0,26.0,S,Second,man,True,,Southampton,no,True
583,0,1,male,36.0,0,0,40.125,C,First,man,True,A,Cherbourg,no,True
584,0,3,male,,0,0,8.7125,C,Third,man,True,,Cherbourg,no,True
586,0,2,male,47.0,0,0,15.0,S,Second,man,True,,Southampton,no,True
587,1,1,male,60.0,1,1,79.2,C,First,man,True,B,Cherbourg,yes,False
588,0,3,male,22.0,0,0,8.05,S,Third,man,True,,Southampton,no,True
589,0,3,male,,0,0,8.05,S,Third,man,True,,Southampton,no,True
590,0,3,male,35.0,0,0,7.125,S,Third,man,True,,Southampton,no,True
592,0,3,male,47.0,0,0,7.25,S,Third,man,True,,Southampton,no,True
594,0,2,male,37.0,1,0,26.0,S,Second,man,True,,Southampton,no,False
595,0,3,male,36.0,1,1,24.15,S,Third,man,True,,Southampton,no,False
597,0,3,male,49.0,0,0,0.0,S,Third,man,True,,Southampton,no,True
598,0,3,male,,0,0,7.225,C,Third,man,True,,Cherbourg,no,True
599,1,1,male,49.0,1,0,56.9292,C,First,man,True,A,Cherbourg,yes,False
601,0,3,male,,0,0,7.8958,S,Third,man,True,,Southampton,no,True
602,0,1,male,,0,0,42.4,S,First,man,True,,Southampton,no,True
603,0,3,male,44.0,0,0,8.05,S,Third,man,True,,Southampton,no,True
604,1,1,male,35.0,0,0,26.55,C,First,man,True,,Cherbourg,yes,True
605,0,3,male,36.0,1,0,15.55,S,Third,man,True,,Southampton,no,False
606,0,3,male,30.0,0,0,7.8958,S,Third,man,True,,Southampton,no,True
607,1,1,male,27.0,0,0,30.5,S,First,man,True,,Southampton,yes,True
611,0,3,male,,0,0,7.05,S,Third,man,True,,Southampton,no,True
613,0,3,male,,0,0,7.75,Q,Third,man,True,,Queenstown,no,True
614,0,3,male,35.0,0,0,8.05,S,Third,man,True,,Southampton,no,True
616,0,3,male,34.0,1,1,14.4,S,Third,man,True,,Southampton,no,False
619,0,2,male,26.0,0,0,10.5,S,Second,man,True,,Southampton,no,True
620,0,3,male,27.0,1,0,14.4542,C,Third,man,True,,Cherbourg,no,False
621,1,1,male,42.0,1,0,52.5542,S,First,man,True,D,Southampton,yes,False
622,1,3,male,20.0,1,1,15.7417,C,Third,man,True,,Cherbourg,yes,False
623,0,3,male,21.0,0,0,7.8542,S,Third,man,True,,Southampton,no,True
624,0,3,male,21.0,0,0,16.1,S,Third,man,True,,Southampton,no,True
625,0,1,male,61.0,0,0,32.3208,S,First,man,True,D,Southampton,no,True
626,0,2,male,57.0,0,0,12.35,Q,Second,man,True,,Queenstown,no,True
628,0,3,male,26.0,0,0,7.8958,S,Third,man,True,,Southampton,no,True
629,0,3,male,,0,0,7.7333,Q,Third,man,True,,Queenstown,no,True
630,1,1,male,80.0,0,0,30.0,S,First,man,True,A,Southampton,yes,True
631,0,3,male,51.0,0,0,7.0542,S,Third,man,True,,Southampton,no,True
632,1,1,male,32.0,0,0,30.5,C,First,man,True,B,Cherbourg,yes,True
633,0,1,male,,0,0,0.0,S,First,man,True,,Southampton,no,True
636,0,3,male,32.0,0,0,7.925,S,Third,man,True,,Southampton,no,True
637,0,2,male,31.0,1,1,26.25,S,Second,man,True,,Southampton,no,False
639,0,3,male,,1,0,16.1,S,Third,man,True,,Southampton,no,False
640,0,3,male,20.0,0,0,7.8542,S,Third,man,True,,Southampton,no,True
643,1,3,male,,0,0,56.4958,S,Third,man,True,,Southampton,yes,True
645,1,1,male,48.0,1,0,76.7292,C,First,man,True,D,Cherbourg,yes,False
646,0,3,male,19.0,0,0,7.8958,S,Third,man,True,,Southampton,no,True
647,1,1,male,56.0,0,0,35.5,C,First,man,True,A,Cherbourg,yes,True
648,0,3,male,,0,0,7.55,S,Third,man,True,,Southampton,no,True
650,0,3,male,,0,0,7.8958,S,Third,man,True,,Southampton,no,True
652,0,3,male,21.0,0,0,8.4333,S,Third,man,True,,Southampton,no,True
655,0,2,male,24.0,2,0,73.5,S,Second,man,True,,Southampton,no,False
656,0,3,male,,0,0,7.8958,S,Third,man,True,,Southampton,no,True
658,0,2,male,23.0,0,0,13.0,S,Second,man,True,,Southampton,no,True
659,0,1,male,58.0,0,2,113.275,C,First,man,True,D,Cherbourg,no,False
660,1,1,male,50.0,2,0,133.65,S,First,man,True,,Southampton,yes,False
661,0,3,male,40.0,0,0,7.225,C,Third,man,True,,Cherbourg,no,True
662,0,1,male,47.0,0,0,25.5875,S,First,man,True,E,Southampton,no,True
663,0,3,male,36.0,0,0,7.4958,S,Third,man,True,,Southampton,no,True
664,1,3,male,20.0,1,0,7.925,S,Third,man,True,,Southampton,yes,False
665,0,2,male,32.0,2,0,73.5,S,Second,man,True,,Southampton,no,False
666,0,2,male,25.0,0,0,13.0,S,Second,man,True,,Southampton,no,True
667,0,3,male,,0,0,7.775,S,Third,man,True,,Southampton,no,True
668,0,3,male,43.0,0,0,8.05,S,Third,man,True,,Southampton,no,True
671,0,1,male,31.0,1,0,52.0,S,First,man,True,B,Southampton,no,False
672,0,2,male,70.0,0,0,10.5,S,Second,man,True,,Southampton,no,True
673,1,2,male,31.0,0,0,13.0,S,Second,man,True,,Southampton,yes,True
674,0,2,male,,0,0,0.0,S,Second,man,True,,Southampton,no,True
675,0,3,male,18.0,0,0,7.775,S,Third,man,True,,Southampton,no,True
676,0,3,male,24.5,0,0,8.05,S,Third,man,True,,Southampton,no,True
679,1,1,male,36.0,0,1,512.3292,C,First,man,True,B,Cherbourg,yes,False
681,1,1,male,27.0,0,0,76.7292,C,First,man,True,D,Cherbourg,yes,True
682,0,3,male,20.0,0,0,9.225,S,Third,man,True,,Southampton,no,True
684,0,2,male,60.0,1,1,39.0,S,Second,man,True,,Southampton,no,False
685,0,2,male,25.0,1,2,41.5792,C,Second,man,True,,Cherbourg,no,False
687,0,3,male,19.0,0,0,10.1708,S,Third,man,True,,Southampton,no,True
688,0,3,male,18.0,0,0,7.7958,S,Third,man,True,,Southampton,no,True
690,1,1,male,31.0,1,0,57.0,S,First,man,True,B,Southampton,yes,False
692,1,3,male,,0,0,56.4958,S,Third,man,True,,Southampton,yes,True
693,0,3,male,25.0,0,0,7.225,C,Third,man,True,,Cherbourg,no,True
694,0,1,male,60.0,0,0,26.55,S,First,man,True,,Southampton,no,True
695,0,2,male,52.0,0,0,13.5,S,Second,man,True,,Southampton,no,True
696,0,3,male,44.0,0,0,8.05,S,Third,man,True,,Southampton,no,True
698,0,1,male,49.0,1,1,110.8833,C,First,man,True,C,Cherbourg,no,False
699,0,3,male,42.0,0,0,7.65,S,Third,man,True,F,Southampton,no,True
701,1,1,male,35.0,0,0,26.2875,S,First,man,True,E,Southampton,yes,True
703,0,3,male,25.0,0,0,7.7417,Q,Third,man,True,,Queenstown,no,True
704,0,3,male,26.0,1,0,7.8542,S,Third,man,True,,Southampton,no,False
705,0,2,male,39.0,0,0,26.0,S,Second,man,True,,Southampton,no,True
707,1,1,male,42.0,0,0,26.2875,S,First,man,True,E,Southampton,yes,True
709,1,3,male,,1,1,15.2458,C,Third,man,True,,Cherbourg,yes,False
711,0,1,male,,0,0,26.55,S,First,man,True,C,Southampton,no,True
712,1,1,male,48.0,1,0,52.0,S,First,man,True,C,Southampton,yes,False
713,0,3,male,29.0,0,0,9.4833,S,Third,man,True,,Southampton,no,True
714,0,2,male,52.0,0,0,13.0,S,Second,man,True,,Southampton,no,True
715,0,3,male,19.0,0,0,7.65,S,Third,man,True,F,Southampton,no,True
718,0,3,male,,0,0,15.5,Q,Third,man,True,,Queenstown,no,True
719,0,3,male,33.0,0,0,7.775,S,Third,man,True,,Southampton,no,True
721,0,3,male,17.0,1,0,7.0542,S,Third,man,True,,Southampton,no,False
722,0,2,male,34.0,0,0,13.0,S,Second,man,True,,Southampton,no,True
723,0,2,male,50.0,0,0,13.0,S,Second,man,True,,Southampton,no,True
724,1,1,male,27.0,1,0,53.1,S,First,man,True,E,Southampton,yes,False
725,0,3,male,20.0,0,0,8.6625,S,Third,man,True,,Southampton,no,True
728,0,2,male,25.0,1,0,26.0,S,Second,man,True,,Southampton,no,False
732,0,2,male,,0,0,0.0,S,Second,man,True,,Southampton,no,True
733,0,2,male,23.0,0,0,13.0,S,Second,man,True,,Southampton,no,True
734,0,2,male,23.0,0,0,13.0,S,Second,man,True,,Southampton,no,True
735,0,3,male,28.5,0,0,16.1,S,Third,man,True,,Southampton,no,True
737,1,1,male,35.0,0,0,512.3292,C,First,man,True,B,Cherbourg,yes,True
738,0,3,male,,0,0,7.8958,S,Third,man,True,,Southampton,no,True
739,0,3,male,,0,0,7.8958,S,Third,man,True,,Southampton,no,True
740,1,1,male,,0,0,30.0,S,First,man,True,D,Southampton,yes,True
741,0,1,male,36.0,1,0,78.85,S,First,man,True,C,Southampton,no,False
743,0,3,male,24.0,1,0,16.1,S,Third,man,True,,Southampton,no,False
744,1,3,male,31.0,0,0,7.925,S,Third,man,True,,Southampton,yes,True
745,0,1,male,70.0,1,1,71.0,S,First,man,True,B,Southampton,no,False
746,0,3,male,16.0,1,1,20.25,S,Third,man,True,,Southampton,no,False
748,0,1,male,19.0,1,0,53.1,S,First,man,True,D,Southampton,no,False
749,0,3,male,31.0,0,0,7.75,Q,Third,man,True,,Queenstown,no,True
752,0,3,male,33.0,0,0,9.5,S,Third,man,True,,Southampton,no,True
753,0,3,male,23.0,0,0,7.8958,S,Third,man,True,,Southampton,no,True
756,0,3,male,28.0,0,0,7.7958,S,Third,man,True,,Southampton,no,True
757,0,2,male,18.0,0,0,11.5,S,Second,man,True,,Southampton,no,True
758,0,3,male,34.0,0,0,8.05,S,Third,man,True,,Southampton,no,True
760,0,3,male,,0,0,14.5,S,Third,man,True,,Southampton,no,True
761,0,3,male,41.0,0,0,7.125,S,Third,man,True,,Southampton,no,True
762,1,3,male,20.0,0,0,7.2292,C,Third,man,True,,Cherbourg,yes,True
764,0,3,male,16.0,0,0,7.775,S,Third,man,True,,Southampton,no,True
766,0,1,male,,0,0,39.6,C,First,man,True,,Cherbourg,no,True
768,0,3,male,,1,0,24.15,Q,Third,man,True,,Queenstown,no,False
769,0,3,male,32.0,0,0,8.3625,S,Third,man,True,,Southampton,no,True
770,0,3,male,24.0,0,0,9.5,S,Third,man,True,,Southampton,no,True
771,0,3,male,48.0,0,0,7.8542,S,Third,man,True,,Southampton,no,True
773,0,3,male,,0,0,7.225,C,Third,man,True,,Cherbourg,no,True
775,0,3,male,18.0,0,0,7.75,S,Third,man,True,,Southampton,no,True
776,0,3,male,,0,0,7.75,Q,Third,man,True,F,Queenstown,no,True
778,0,3,male,,0,0,7.7375,Q,Third,man,True,,Queenstown,no,True
782,0,1,male,29.0,0,0,30.0,S,First,man,True,D,Southampton,no,True
783,0,3,male,,1,2,23.45,S,Third,man,True,,Southampton,no,False
784,0,3,male,25.0,0,0,7.05,S,Third,man,True,,Southampton,no,True
785,0,3,male,25.0,0,0,7.25,S,Third,man,True,,Southampton,no,True
789,0,1,male,46.0,0,0,79.2,C,First,man,True,B,Cherbourg,no,True
790,0,3,male,,0,0,7.75,Q,Third,man,True,,Queenstown,no,True
791,0,2,male,16.0,0,0,26.0,S,Second,man,True,,Southampton,no,True
793,0,1,male,,0,0,30.6958,C,First,man,True,,Cherbourg,no,True
794,0,3,male,25.0,0,0,7.8958,S,Third,man,True,,Southampton,no,True
795,0,2,male,39.0,0,0,13.0,S,Second,man,True,,Southampton,no,True
798,0,3,male,30.0,0,0,7.2292,C,Third,man,True,,Cherbourg,no,True
800,0,2,male,34.0,0,0,13.0,S,Second,man,True,,Southampton,no,True
804,1,3,male,27.0,0,0,6.975,S,Third,man,True,,Southampton,yes,True
805,0,3,male,31.0,0,0,7.775,S,Third,man,True,,Southampton,no,True
806,0,1,male,39.0,0,0,0.0,S,First,man,True,A,Southampton,no,True
808,0,2,male,39.0,0,0,13.0,S,Second,man,True,,Southampton,no,True
810,0,3,male,26.0,0,0,7.8875,S,Third,man,True,,Southampton,no,True
811,0,3,male,39.0,0,0,24.15,S,Third,man,True,,Southampton,no,True
812,0,2,male,35.0,0,0,10.5,S,Second,man,True,,Southampton,no,True
814,0,3,male,30.5,0,0,8.05,S,Third,man,True,,Southampton,no,True
815,0,1,male,,0,0,0.0,S,First,man,True,B,Southampton,no,True
817,0,2,male,31.0,1,1,37.0042,C,Second,man,True,,Cherbourg,no,False
818,0,3,male,43.0,0,0,6.45,S,Third,man,True,,Southampton,no,True
821,1,3,male,27.0,0,0,8.6625,S,Third,man,True,,Southampton,yes,True
822,0,1,male,38.0,0,0,0.0,S,First,man,True,,Southampton,no,True
825,0,3,male,,0,0,6.95,Q,Third,man,True,,Queenstown,no,True
826,0,3,male,,0,0,56.4958,S,Third,man,True,,Southampton,no,True
828,1,3,male,,0,0,7.75,Q,Third,man,True,,Queenstown,yes,True
832,0,3,male,,0,0,7.2292,C,Third,man,True,,Cherbourg,no,True
833,0,3,male,23.0,0,0,7.8542,S,Third,man,True,,Southampton,no,True
834,0,3,male,18.0,0,0,8.3,S,Third,man,True,,Southampton,no,True
836,0,3,male,21.0,0,0,8.6625,S,Third,man,True,,Southampton,no,True
837,0,3,male,,0,0,8.05,S,Third,man,True,,Southampton,no,True
838,1,3,male,32.0,0,0,56.4958,S,Third,man,True,,Southampton,yes,True
839,1,1,male,,0,0,29.7,C,First,man,True,C,Cherbourg,yes,True
840,0,3,male,20.0,0,0,7.925,S,Third,man,True,,Southampton,no,True
841,0,2,male,16.0,0,0,10.5,S,Second,man,True,,Southampton,no,True
843,0,3,male,34.5,0,0,6.4375,C,Third,man,True,,Cherbourg,no,True
844,0,3,male,17.0,0,0,8.6625,S,Third,man,True,,Southampton,no,True
845,0,3,male,42.0,0,0,7.55,S,Third,man,True,,Southampton,no,True
846,0,3,male,,8,2,69.55,S,Third,man,True,,Southampton,no,False
847,0,3,male,35.0,0,0,7.8958,C,Third,man,True,,Cherbourg,no,True
848,0,2,male,28.0,0,1,33.0,S,Second,man,True,,Southampton,no,False
851,0,3,male,74.0,0,0,7.775,S,Third,man,True,,Southampton,no,True
857,1,1,male,51.0,0,0,26.55,S,First,man,True,E,Southampton,yes,True
859,0,3,male,,0,0,7.2292,C,Third,man,True,,Cherbourg,no,True
860,0,3,male,41.0,2,0,14.1083,S,Third,man,True,,Southampton,no,False
861,0,2,male,21.0,1,0,11.5,S,Second,man,True,,Southampton,no,False
864,0,2,male,24.0,0,0,13.0,S,Second,man,True,,Southampton,no,True
867,0,1,male,31.0,0,0,50.4958,S,First,man,True,A,Southampton,no,True
868,0,3,male,,0,0,9.5,S,Third,man,True,,Southampton,no,True
870,0,3,male,26.0,0,0,7.8958,S,Third,man,True,,Southampton,no,True
872,0,1,male,33.0,0,0,5.0,S,First,man,True,B,Southampton,no,True
873,0,3,male,47.0,0,0,9.0,S,Third,man,True,,Southampton,no,True
876,0,3,male,20.0,0,0,9.8458,S,Third,man,True,,Southampton,no,True
877,0,3,male,19.0,0,0,7.8958,S,Third,man,True,,Southampton,no,True
878,0,3,male,,0,0,7.8958,S,Third,man,True,,Southampton,no,True
881,0,3,male,33.0,0,0,7.8958,S,Third,man,True,,Southampton,no,True
883,0,2,male,28.0,0,0,10.5,S,Second,man,True,,Southampton,no,True
884,0,3,male,25.0,0,0,7.05,S,Third,man,True,,Southampton,no,True
886,0,2,male,27.0,0,0,13.0,S,Second,man,True,,Southampton,no,True
889,1,1,male,26.0,0,0,30.0,C,First,man,True,C,Cherbourg,yes,True
890,0,3,male,32.0,0,0,7.75,Q,Third,man,True,,Queenstown,no,True
